<?xml version="1.0"?>
<!--
/**
 * adminhtml.xml
 *  - create acl for this module
 *
 * @category    Sitewards
 * @package     Sitewards_QuickOrders
 * @copyright   Copyright (c) 2014 Sitewards GmbH (http://www.sitewards.com/)
 */
-->
<config>
    <acl>
        <resources>
            <admin>
                <children>
                    <system>
                        <children>
                            <config>
                                <children>
                                    <quickorders translate="title" module="sitewards_quickorders">
                                        <title>Quick Orders</title>
                                        <sort_order>50</sort_order>
                                    </quickorders>
                                </children>
                            </config>
                        </children>
                    </system>
                </children>
            </admin>
        </resources>
    </acl>
</config>