<?xml version="1.0"?>
<config xmlns:xsi="http://www.w3.org/2001/XMLSchema-instance" xsi:noNamespaceSchemaLocation="urn:magento:module:Magento_Config:etc/system_file.xsd">
    <system>
        <tab id="mail" translate="label" sortOrder="10">
            <label>CP_Mail</label>
        </tab>
        <section id="mailsection" translate="label" sortOrder="130" showInDefault="1" showInWebsite="1" showInStore="1">
            <class>separator-top</class>
            <label>CP_Mail</label>
            <tab>mail</tab>
            <resource>CP_Mail::mail_configuration</resource>
            <group id="general" translate="label" type="text" sortOrder="10" showInDefault="1" showInWebsite="0" showInStore="0">
                <label>General Configuration</label>
                
              <!--   <field id="enable" translate="label" type="select" sortOrder="1" showInDefault="1" showInWebsite="0" showInStore="0">
                    <label>Module Enable</label>
                    <source_model>Magento\Config\Model\Config\Source\Yesno</source_model>
                </field> -->

                <field id="display_text" translate="label" type="text" sortOrder="2" showInDefault="1" showInWebsite="0" showInStore="0">
                    <label>Display Text</label>
                    <comment>This text will display on the frontend.</comment>
                </field>
                  <field id="sender_email_identity" translate="label" type="select" sortOrder="20" showInDefault="1" showInWebsite="1" showInStore="1" canRestore="1">
                    <label>Email Sender</label>
                    <source_model>Magento\Config\Model\Config\Source\Email\Identity</source_model>
                </field>

            </group>
        </section>
    </system>
</config>
