<?xml version="1.0"?>
<config xmlns:xsi="http://www.w3.org/2001/XMLSchema-instance" xsi:noNamespaceSchemaLocation="urn:magento:framework:ObjectManager/etc/config.xsd">
    
    <type name="Magento\Framework\View\Element\UiComponent\DataProvider\CollectionFactory">
        <arguments>
            <argument name="collections" xsi:type="array">
                <item name="news_index_listing_data_source" xsi:type="string">CP\News\Model\ResourceModel\News\Grid\Collection</item>
            </argument>
        </arguments>
    </type>

    <type name="CP\News\Model\ResourceModel\News\Grid\Collection">
        <arguments>
            <argument name="mainTable" xsi:type="string">news</argument>
            <argument name="eventPrefix" xsi:type="string">news_grid_collection</argument>
            <argument name="eventObject" xsi:type="string">news_collection</argument>
            <argument name="resourceModel" xsi:type="string">CP\News\Model\ResourceModel\News</argument>
        </arguments>
    </type>

    <virtualType name="NewsGirdFilterPool" type="Magento\Framework\View\Element\UiComponent\DataProvider\FilterPool">
        <arguments>
            <argument name="appliers" xsi:type="array">
                <item name="regular" xsi:type="object">Magento\Framework\View\Element\UiComponent\DataProvider\RegularFilter</item>
                <item name="fulltext" xsi:type="object">Magento\Framework\View\Element\UiComponent\DataProvider\FulltextFilter</item>
            </argument>
        </arguments>
    </virtualType>
    
    <virtualType name="NewsGridDataProvider" type="Magento\Framework\View\Element\UiComponent\DataProvider\DataProvider">
        <arguments>
            <argument name="collection" xsi:type="object" shared="false">CP\News\Model\ResourceModel\News\Collection</argument>
            <argument name="filterPool" xsi:type="object" shared="false">NewsGirdFilterPool</argument>
        </arguments>
    </virtualType>
</config>