<?xml version="1.0"?>
<!--
/**
 * Sitewards_QuickOrders.xml
 *  - Activate module,
 *  - Specify code pool,
 *  - Set-up dependencies
 *
 * @category    Sitewards
 * @package     Sitewards_QuickOrders
 * @copyright   Copyright (c) 2014 Sitewards GmbH (http://www.sitewards.com/)
 */
-->
<config>
    <modules>
        <Sitewards_QuickOrders>
            <active>true</active>
            <codePool>community</codePool>
            <depends>
                <Mage_Catalog/>
                <Mage_Checkout/>
            </depends>
        </Sitewards_QuickOrders>
    </modules>
</config>