<?xml version="1.0"?>
<config xmlns:xsi="http://www.w3.org/2001/XMLSchema-instance" xsi:noNamespaceSchemaLocation="urn:magento:framework:Acl/etc/acl.xsd">
     <acl>
        <resources>
            <resource id="Magento_Backend::admin">
                <resource id="CP_News::newscp" title="CP-Module" sortOrder="51">
                    <resource id="CP_News::post" title="Cp-news" sortOrder="99"/>
                    
                </resource>
            </resource>
        </resources>
    </acl>
</config>

