<?xml version="1.0"?>
<config xmlns:xsi="http://www.w3.org/2001/XMLSchema-instance" xsi:noNamespaceSchemaLocation="../../../../Magento/Config/etc/system_file.xsd">
	<system>
		<section id="carriers" translate="label" type="text" sortOrder="1" showInDefault="1" showInWebsite="1" showInStore="1">
			<group id="cp_shippingmodule" translate="label" type="text" sortOrder="2" showInDefault="1" showInWebsite="1" showInStore="1">
				<label>CP Custom Shipping</label>
				<field id="active" translate="label" type="select" sortOrder="1" showInDefault="1" showInWebsite="1" showInStore="0">
					<label>Enabled</label>
					<source_model>Magento\Config\Model\Config\Source\Yesno</source_model>
				</field>
				<field id="title" translate="label" type="text" sortOrder="2" showInDefault="1" showInWebsite="1" showInStore="1">
					<label>Title</label>
				</field>
				<field id="name" translate="label" type="text" sortOrder="3" showInDefault="1" showInWebsite="1" showInStore="1">
					<label>Method Name</label>
				</field>
				<field id="price" translate="label" type="text" sortOrder="4" showInDefault="1" showInWebsite="1" showInStore="0">
					<label>Shipping Cost</label>
					<validate>validate-number validate-zero-or-greater</validate>
				</field>
				<field id="specificerrmsg" translate="label" type="textarea" sortOrder="80" showInDefault="1" showInWebsite="1" showInStore="1">
					<label>Displayed Error Message</label>
				</field>
				<field id="sallowspecific" translate="label" type="select" sortOrder="90" showInDefault="1" showInWebsite="1" showInStore="0">
					<label>Ship to Applicable Countries</label>
					<frontend_class>shipping-applicable-country</frontend_class>
					<source_model>Magento\Shipping\Model\Config\Source\Allspecificcountries</source_model>
				</field>
				<field id="specificcountry" translate="label" type="multiselect" sortOrder="91" showInDefault="1" showInWebsite="1" showInStore="0">
					<label>Ship to Specific Countries</label>
					<source_model>Magento\Directory\Model\Config\Source\Country</source_model>
					<can_be_empty>1</can_be_empty>
				</field>
				<field id="showmethod" translate="label" type="select" sortOrder="92" showInDefault="1" showInWebsite="1" showInStore="0">
					<label>Show Method if Not Applicable</label>
					<source_model>Magento\Config\Model\Config\Source\Yesno</source_model>
				</field>
				<field id="sort_order" translate="label" type="text" sortOrder="100" showInDefault="1" showInWebsite="1" showInStore="0">
					<label>Sort Order</label>
				</field>
			</group>
		</section>
	</system>
</config>