<?xml version="1.0"?>
<!--
/**
 * Copyright © 2013-2017 Magento, Inc. All rights reserved.
 * See COPYING.txt for license details.
 */
-->
<view xmlns:xsi="http://www.w3.org/2001/XMLSchema-instance" xsi:noNamespaceSchemaLocation="urn:magento:framework:Config/etc/view.xsd">
     <media>
        <images module="Magento_Catalog">
            <image id="product_page_image_medium" type="image">
                <width>555</width>
                <height>740</height>
                <constrain>true</constrain>
                <aspect_ratio>true</aspect_ratio>
                <transparency>true</transparency>
              
            </image>
             <image id="product_page_image_medium_no_frame" type="image">
                <width>550</width>
                <height>740</height>
                <constrain>true</constrain>
                <aspect_ratio>true</aspect_ratio>
                <transparency>true</transparency>

                
            </image>
             <image id="product_page_image_small" type="small_image">
                <width>65</width>
                <height>94</height>
                <constrain>true</constrain>
                <aspect_ratio>true</aspect_ratio>
                <transparency>true</transparency>
              
                
            </image>
             <image id="new_products_content_widget_grid" type="small_image">
                <width>290</width>
                <height>387</height>
            </image>
			<image id="cart_page_product_thumbnail" type="small_image">
                <width>140</width>
                <height>140</height>
            </image>
			 <image id="related_products_list" type="small_image">
                <width>290</width>
                <height>450</height>
            </image>
             <image id="category_page_grid" type="small_image">
                <width>290</width>
                <height>387</height>
            </image>
            <image id="category_page_grid-1" type="small_image">
                <width>290</width>
                <height>387</height>
            </image>
            <image id="category_page_list" type="small_image">
                <width>290</width>
                <height>387</height>
            </image>
        </images>
    </media>   
        <vars module="Magento_Catalog">

        <!-- Gallery and magnifier theme settings. Start -->
        <var name="gallery">
            <var name="nav">thumbs</var> <!-- Gallery navigation style (false/thumbs/dots) -->
            <var name="loop">true</var> <!-- Gallery navigation loop (true/false) -->
            <var name="keyboard">true</var> <!-- Turn on/off keyboard arrows navigation (true/false) -->
            <var name="arrows">true</var> <!-- Turn on/off arrows on the sides preview (true/false) -->
            <var name="caption">false</var> <!-- Display alt text as image title (true/false) -->
            <var name="allowfullscreen">false</var> <!-- Turn on/off fullscreen (true/false) -->
            <var name="navdir">vertical</var> <!-- Sliding direction of thumbnails (horizontal/vertical) -->
            <var name="navarrows">true</var> <!-- Turn on/off on the thumbs navigation sides arrows(true/false) -->
            <var name="navtype">slides</var> <!-- Sliding type of thumbnails (slides/thumbs) -->
           <var name="thumbsPerSlide">3</var>
            <var name="transition">
                <var name="effect">slide</var> <!-- Sets transition effect for slides changing (slide/crossfade/dissolve) -->
                <var name="duration">500</var> <!-- Sets transition duration in ms -->
            </var>
           
        </var>

        <var name="magnifier">
              <!-- Zoom for fullscreen (integer)-->
            <var name="top"></var> <!-- Top position of magnifier -->
            <var name="left"></var> <!-- Left position of magnifier -->
            <var name="width">300</var> <!-- Width of magnifier block -->
            <var name="height">300</var> <!-- Height of magnifier block -->
            <var name="minwidth">500</var>
            <var name="eventType">hover</var> <!-- Action that atcivates zoom (hover/click) -->
            <var name="enabled">true</var> <!-- Turn on/off magnifier (true/false) -->
        </var>

        <var name="breakpoints">
            <var name="mobile">
                <var name="conditions">
                    <var name="max-width">767px</var>
                </var>
                <var name="options">
                    <var name="options">
                        <var name="nav">dots</var>
                    </var>
                </var>
            </var>
        </var>
        <!-- end. Gallery and magnifier theme settings -->

        <var name="product_small_image_sidebar_size">100</var>  <!-- Override for small product image -->
        <var name="product_base_image_size">275</var>           <!-- Override for base product image -->
        <var name="product_base_image_icon_size">48</var>       <!-- Base product image icon size -->

        <var name="product_list_image_size">166</var>           <!-- New Product image size used in product list -->
        <var name="product_zoom_image_size">370</var>           <!-- New Product image size used for zooming -->
           
        <var name="product_image_white_borders">0</var>
    </vars>
<exclude>
        <item type="file">Lib::jquery/jquery.min.js</item>
        <item type="file">Lib::jquery/jquery-ui-1.9.2.js</item>
        <item type="file">Lib::jquery/jquery.ba-hashchange.min.js</item>
        <item type="file">Lib::jquery/jquery.details.js</item>
        <item type="file">Lib::jquery/jquery.details.min.js</item>
        <item type="file">Lib::jquery/jquery.hoverIntent.js</item>
        <item type="file">Lib::jquery/colorpicker/js/colorpicker.js</item>
        <item type="file">Lib::requirejs/require.js</item>
        <item type="file">Lib::requirejs/text.js</item>
        <item type="file">Lib::date-format-normalizer.js</item>
        <item type="file">Lib::legacy-build.min.js</item>
        <item type="file">Lib::mage/captcha.js</item>
        <item type="file">Lib::mage/dropdown_old.js</item>
        <item type="file">Lib::mage/list.js</item>
        <item type="file">Lib::mage/loader_old.js</item>
        <item type="file">Lib::mage/webapi.js</item>
        <item type="file">Lib::mage/zoom.js</item>
        <item type="file">Lib::mage/translate-inline-vde.js</item>
        <item type="file">Lib::mage/requirejs/mixins.js</item>
        <item type="file">Lib::mage/requirejs/static.js</item>
        <item type="file">Magento_Customer::js/zxcvbn.js</item>
        <item type="file">Magento_Catalog::js/zoom.js</item>
        <item type="file">Magento_Ui::js/lib/step-wizard.js</item>
        <item type="file">Magento_Ui::js/form/element/ui-select.js</item>
        <item type="file">Magento_Ui::js/form/element/file-uploader.js</item>
        <item type="file">Magento_Ui::js/form/components/insert.js</item>
        <item type="file">Magento_Ui::js/form/components/insert-listing.js</item>
        <item type="directory">Magento_Ui::js/timeline</item>
        <item type="directory">Magento_Ui::js/grid</item>
        <item type="directory">Magento_Ui::js/dynamic-rows</item>
        <item type="directory">Magento_Ui::templates/timeline</item>
        <item type="directory">Magento_Ui::templates/grid</item>
        <item type="directory">Magento_Ui::templates/dynamic-rows</item>
        <item type="directory">Magento_Swagger::swagger-ui</item>
        <item type="directory">Lib::modernizr</item>
        <item type="directory">Lib::tiny_mce</item>
        <item type="directory">Lib::varien</item>
        <item type="directory">Lib::jquery/editableMultiselect</item>
        <item type="directory">Lib::jquery/jstree</item>
        <item type="directory">Lib::jquery/fileUploader</item>
        <item type="directory">Lib::css</item>
        <item type="directory">Lib::lib</item>
        <item type="directory">Lib::extjs</item>
        <item type="directory">Lib::prototype</item>
        <item type="directory">Lib::scriptaculous</item>
        <item type="directory">Lib::less</item>
        <item type="directory">Lib::mage/adminhtml</item>
        <item type="directory">Lib::mage/backend</item>
    </exclude>
</view>