<?xml version="1.0"?>
<config xmlns:xsi="http://www.w3.org/2001/XMLSchema-instance" xsi:noNamespaceSchemaLocation="urn:magento:module:Magento_Backend:etc/menu.xsd">
     <menu>
       <add id="CP_News::main"
        title="Hello World" 
        module="CP_News" 
        sortOrder="51" 
        resource="CP_News::main"/>

       <add id="CP_News::post"
        title="Posts" 
        module="CP_News"
        sortOrder="10"
        action="news/post/index"
        resource="CP_News::post"
        parent="CP_News::main"/>

       <add id="CP_News::hello_configuration" 
        title="Configuration" 
        module="CP_News"
        sortOrder="99"
        parent="CP_News::main"
        action="adminhtml/system_config/edit/section/helloworld"
        resource="CP_News::helloworld_configuration"/>
    </menu> 



	<!-- <menu>
        <add id="CP_MenuItem::first_level_demo"
             title="CP First Level"
             module="CP_News"
             sortOrder="9999"
             resource="Magento_Backend::content" />

         <add id="CP_MenuItem::second_level_demo"
             title="CP Sub menu first"
             module="CP_News"
             sortOrder="0"
             action="news/post/index"
             parent="CP_MenuItem::first_level_demo"
             resource="Magento_Backend::content" />
    </menu> -->
   
</config>

