<?xml version="1.0"?>

<config xmlns:xsi="http://www.w3.org/2001/XMLSchema-instance"
    xsi:noNamespaceSchemaLocation="urn:magento:framework:ObjectManager/etc/config.xsd">
<type name="Magento\Theme\Block\Html\Topmenu">
    <plugin name="add_menu_item_plugin" type="CP\News\Plugin\Topmenu" sortOrder="10" disabled="false"/>
</type>
<!-- <type name="Magento\Catalog\Helper\Output">
        <plugin name="cp-news-override-plugin-helper" type="CP\News\Helper\Output" sortOrder="10"/>
</type>
 -->
 <!-- <preference for="Magento\Theme\Block\Html\Topmenu" type="CP\News\Plugin\Topmenu" /> -->
    <preference for="Magento\Catalog\Helper\Output" type="CP\News\Helper\Output" />
</config>
