<?xml version="1.0"?>
<config xmlns:xsi="http://www.w3.org/2001/XMLSchema-instance" xsi:noNamespaceSchemaLocation="urn:magento:framework:ObjectManager/etc/config.xsd">
	
	

    <type name="SR\CustomLogger\Logger\Handler">
        <arguments>
            <argument name="filesystem" xsi:type="object">Magento\Framework\Filesystem\Driver\File</argument>
        </arguments>
    </type>
    <type name="SR\CustomLogger\Logger\Logger">
        <arguments>
            <argument name="name" xsi:type="string">customLogger</argument>
            <argument name="handlers"  xsi:type="array">
                <item name="system" xsi:type="object">SR\CustomLogger\Logger\Handler</item>
            </argument>
        </arguments>
    </type>
    <preference for="Magento\Customer\Block\Account\AuthorizationLink" 
    type="SR\CustomLogger\Block\Account\AuthorizationLink" />
</config>